"","contrast","estimate","SE","df","t.ratio","p.value"
"1","Female - Male",-0.043509841987906,0.0209720767447859,3538,-2.07465586347921,0.0380905722582139
"2","Adult - Subadult",0.118271623255389,0.0378314558148109,3555,3.12627734534832,0.0017846372394525
"3","Fall - Spring",0.0296921854448894,0.0194335902974331,3555,1.52787956267717,0.126631407471822
"4","BICY_Marsh - (ENP-FC)",0.0881284619791466,0.0472836161523063,3541,1.86382660952314,1
"5","BICY_Marsh - (ENP-SS)",0.20947066730841,0.0479609462078992,3541,4.36752574480922,0.000465338010903133
"6","BICY_Marsh - Lox_Marsh",0.36806859954516,0.0434478183416394,3541,8.47150935522145,1.26091531758255e-15
"7","BICY_Marsh - WCA2A_Marsh",0.143160079966075,0.0502237047880247,3541,2.8504484201295,0.158076314268138
"8","BICY_Marsh - (WCA3A-HD_Marsh)",0.127279436333181,0.0445845509062973,3541,2.85478789728491,0.155937564435437
"9","BICY_Marsh - (WCA3A-N41_Marsh)",0.151436379640614,0.0439028867883327,3541,3.4493490227813,0.0204660350898581
"10","BICY_Marsh - (WCA3A-TW_Marsh)",0.0592520338994282,0.0470014802158142,3541,1.26064186973184,1
"11","BICY_Marsh - WCA3B_Marsh",0.0329924377239448,0.0483107618845537,3541,0.682921080871908,1
"12","(ENP-FC) - (ENP-SS)",0.121342205329264,0.0430427092366526,3541,2.81911170279997,0.174327473067343
"13","(ENP-FC) - Lox_Marsh",0.279940137566014,0.0379491156144916,3541,7.37672362143567,7.23765929202691e-12
"14","(ENP-FC) - WCA2A_Marsh",0.0550316179869289,0.0455504443437011,3541,1.20814667737789,1
"15","(ENP-FC) - (WCA3A-HD_Marsh)",0.0391509743540339,0.0392454409682217,3541,0.997592927691544,1
"16","(ENP-FC) - (WCA3A-N41_Marsh)",0.063307917661467,0.0384692854836572,3541,1.64567438322612,1
"17","(ENP-FC) - (WCA3A-TW_Marsh)",-0.0288764280797184,0.0419709613870296,3541,-0.68800968873308,1
"18","(ENP-FC) - WCA3B_Marsh",-0.0551360242552018,0.0434321559577694,3541,-1.26947472533513,1
"19","(ENP-SS) - Lox_Marsh",0.15859793223675,0.0387897844881931,3541,4.08865205953965,0.00159670010895382
"20","(ENP-SS) - WCA2A_Marsh",-0.0663105873423346,0.0462531618878867,3541,-1.43364441771711,1
"21","(ENP-SS) - (WCA3A-HD_Marsh)",-0.0821912309752296,0.0400589146321839,3541,-2.05175880899169,1
"22","(ENP-SS) - (WCA3A-N41_Marsh)",-0.0580342876677965,0.0392988286128421,3541,-1.47674344799254,1
"23","(ENP-SS) - (WCA3A-TW_Marsh)",-0.150218633408982,0.0427325824690008,3541,-3.51531839944272,0.0160103656742136
"24","(ENP-SS) - WCA3B_Marsh",-0.176478229584465,0.0441685881125766,3541,-3.99555967545666,0.00237077342445889
"25","Lox_Marsh - WCA2A_Marsh",-0.224908519579085,0.0415549701253419,3541,-5.412313350261,2.38854673229963e-06
"26","Lox_Marsh - (WCA3A-HD_Marsh)",-0.24078916321198,0.0345279191235096,3541,-6.97375252619929,1.31975544009304e-10
"27","Lox_Marsh - (WCA3A-N41_Marsh)",-0.216632219904547,0.0336431046104929,3541,-6.43912690022614,4.90770104061409e-09
"28","Lox_Marsh - (WCA3A-TW_Marsh)",-0.308816565645732,0.0375969967146443,3541,-8.21386261220821,1.0690122908662e-14
"29","Lox_Marsh - WCA3B_Marsh",-0.335076161821215,0.0392214830590258,3541,-8.54317929072052,6.88177909547462e-16
"30","WCA2A_Marsh - (WCA3A-HD_Marsh)",-0.015880643632895,0.0427420729841941,3541,-0.371545938793553,1
"31","WCA2A_Marsh - (WCA3A-N41_Marsh)",0.00827629967453811,0.0420305376103985,3541,0.196911582508298,1
"32","WCA2A_Marsh - (WCA3A-TW_Marsh)",-0.0839080460666472,0.0452575050786887,3541,-1.85401395681793,1
"33","WCA2A_Marsh - WCA3B_Marsh",-0.110167642242131,0.046615794934078,3541,-2.36331145694126,0.653982232006446
"34","(WCA3A-HD_Marsh) - (WCA3A-N41_Marsh)",0.0241569433074331,0.0350988283095132,3541,0.688254978041121,1
"35","(WCA3A-HD_Marsh) - (WCA3A-TW_Marsh)",-0.0680274024337523,0.0389050565200604,3541,-1.74854912236602,1
"36","(WCA3A-HD_Marsh) - WCA3B_Marsh",-0.0942869986092357,0.0404770798627763,3541,-2.32939231112727,0.716193080944179
"37","(WCA3A-N41_Marsh) - (WCA3A-TW_Marsh)",-0.0921843457411853,0.0381219715080692,3541,-2.41814213941356,0.563404687856245
"38","(WCA3A-N41_Marsh) - WCA3B_Marsh",-0.118443941916669,0.0397249956960415,3541,-2.98159735051831,0.103932750710788
"39","(WCA3A-TW_Marsh) - WCA3B_Marsh",-0.0262595961754835,0.0431248299379711,3541,-0.608920573443516,1
"40","WY2000 - WY2001",-0.12737794773515,0.114087522015451,3509,-1.11649324557947,1
"41","WY2000 - WY2002",-0.178109696243819,0.114146980092358,3509,-1.56035399359411,1
"42","WY2000 - WY2003",-0.0780855148982955,0.111098844375739,3509,-0.702847228853329,1
"43","WY2000 - WY2004",-0.0731278096551916,0.110774723108659,3509,-0.660148882371484,1
"44","WY2000 - WY2005",-0.207813726371553,0.107724113413059,3509,-1.92912914098172,1
"45","WY2000 - WY2006",-0.0247017162783257,0.108058888817448,3509,-0.228594949926389,1
"46","WY2000 - WY2007",-0.161398327239068,0.105310026019442,3509,-1.53260172216909,1
"47","WY2000 - WY2008",-0.173964809158462,0.108976299068258,3509,-1.59635453438823,1
"48","WY2000 - WY2009",-0.189205730781355,0.106317894766344,3509,-1.77962262323924,1
"49","WY2000 - WY2010",-0.264138598262098,0.105643827596011,3509,-2.5002747843649,1
"50","WY2000 - WY2011",-0.141459185356391,0.109258574452188,3509,-1.29471930295315,1
"51","WY2000 - WY2012",-0.03729233563975,0.106872574568515,3509,-0.348942053565317,1
"52","WY2000 - WY2013",-0.124457484090017,0.12091503052436,3509,-1.0292970489301,1
"53","WY2000 - WY2014",-0.0574678800188754,0.113222872510222,3509,-0.507564229247823,1
"54","WY2000 - WY2015",-0.143035488221989,0.112255965561411,3509,-1.27419052971167,1
"55","WY2000 - WY2016",-0.0299585018039717,0.117123483970745,3509,-0.255785610095535,1
"56","WY2000 - WY2017",-0.11326849220435,0.106477687785377,3509,-1.06377678328873,1
"57","WY2000 - WY2018",-0.211150188946827,0.106308967349848,3509,-1.98619358470448,1
"58","WY2000 - WY2019",-0.122150675036866,0.109807435701122,3509,-1.11240804647638,1
"59","WY2000 - WY2020",-0.395790793296304,0.131025609478657,3509,-3.02071323973331,0.761994553029401
"60","WY2000 - WY2021",-0.261416070727127,0.108775206448535,3509,-2.40326889980034,1
"61","WY2000 - WY2022",-0.0580895049631689,0.112856795063397,3509,-0.514718718802331,1
"62","WY2000 - WY2023",-0.236736831983715,0.110233615244134,3509,-2.1475920159147,1
"63","WY2000 - WY2024",0.0134987903919932,0.106637805497549,3509,0.126585410577523,1
"64","WY2001 - WY2002",-0.0507317485086691,0.0810449089309746,3509,-0.625970825038213,1
"65","WY2001 - WY2003",0.0492924328368543,0.076692225297285,3509,0.64273050685099,1
"66","WY2001 - WY2004",0.0542501380799583,0.0762219356827489,3509,0.711739181037836,1
"67","WY2001 - WY2005",-0.0804357786364027,0.071716307838974,3509,-1.1215828179137,1
"68","WY2001 - WY2006",0.102676231456824,0.0722181947426442,3509,1.42175018113814,1
"69","WY2001 - WY2007",-0.0340203795039182,0.0680363563077894,3509,-0.500032355495546,1
"70","WY2001 - WY2008",-0.0465868614233117,0.0735838158703349,3509,-0.633112877774704,1
"71","WY2001 - WY2009",-0.0618277830462046,0.0695861979631892,3509,-0.888506411557523,1
"72","WY2001 - WY2010",-0.136760650526948,0.0685518964621736,3509,-1.99499441423056,1
"73","WY2001 - WY2011",-0.0140812376212411,0.0740012181707095,3509,-0.190283862473153,1
"74","WY2001 - WY2012",0.0900856120953999,0.0704307560255289,3509,1.27906637922141,1
"75","WY2001 - WY2013",0.00292046364513245,0.0903282281799673,3509,0.0323316830627276,1
"76","WY2001 - WY2014",0.0699100677162744,0.0797380903890417,3509,0.876746199654188,1
"77","WY2001 - WY2015",-0.0156575404868392,0.0783590837334737,3509,-0.199817809765309,1
"78","WY2001 - WY2016",0.0974194459311782,0.0851860005920592,3509,1.14360863585676,1
"79","WY2001 - WY2017",0.0141094555307999,0.0698300951993125,3509,0.20205407841029,1
"80","WY2001 - WY2018",-0.0837722412116768,0.0695725573657896,3509,-1.20409892037215,1
"81","WY2001 - WY2019",0.00522727269828338,0.0748092048793528,3509,0.0698747260676487,1
"82","WY2001 - WY2020",-0.268412845561154,0.103471998814549,3509,-2.59406263178723,1
"83","WY2001 - WY2021",-0.134038122991977,0.0732856721149937,3509,-1.82898128820672,1
"84","WY2001 - WY2022",0.069288442771981,0.0792174247966089,3509,0.874661641045254,1
"85","WY2001 - WY2023",-0.109358884248565,0.075433375433005,3509,-1.44974135945555,1
"86","WY2001 - WY2024",0.140876738127143,0.0700740020318371,3509,2.01039949256984,1
"87","WY2002 - WY2003",0.100024181345523,0.0767806473379115,3509,1.30272646576314,1
"88","WY2002 - WY2004",0.104981886588627,0.076310902653581,3509,1.37571281347831,1
"89","WY2002 - WY2005",-0.0297040301277336,0.071810857080484,3509,-0.413642606917253,1
"90","WY2002 - WY2006",0.153407979965493,0.0723120877617683,3509,2.12147076254934,1
"91","WY2002 - WY2007",0.0167113690047509,0.0681360122418363,3509,0.245264852680796,1
"92","WY2002 - WY2008",0.0041448870853574,0.0736759685556868,3509,0.0562583318090288,1
"93","WY2002 - WY2009",-0.0110960345375356,0.0696836374735946,3509,-0.15923443350299,1
"94","WY2002 - WY2010",-0.0860289020182788,0.0686508040239862,3509,-1.25313757415311,1
"95","WY2002 - WY2011",0.036650510887428,0.0740928517154533,3509,0.494656502467754,1
"96","WY2002 - WY2012",0.140817360604069,0.0705270287117412,3509,1.99664388499364,1
"97","WY2002 - WY2013",0.0536522121538015,0.0904033140471711,3509,0.593476165329587,1
"98","WY2002 - WY2014",0.120641816224944,0.0798231385217982,3509,1.51136397865386,1
"99","WY2002 - WY2015",0.0350742080218299,0.0784456269535068,3509,0.447114891982668,1
"100","WY2002 - WY2016",0.148151194439847,0.0852656148834306,3509,1.73752566778988,1
"101","WY2002 - WY2017",0.064841204039469,0.0699271948538209,3509,0.927267341054021,1
"102","WY2002 - WY2018",-0.0330404927030078,0.0696700159537465,3509,-0.474242645859923,1
"103","WY2002 - WY2019",0.0559590212069525,0.0748998499281552,3509,0.747117934957533,1
"104","WY2002 - WY2020",-0.217681097052485,0.103537553202967,3509,-2.10243617236888,1
"105","WY2002 - WY2021",-0.0833063744833077,0.073378199227874,3509,-1.13530142957859,1
"106","WY2002 - WY2022",0.12002019128065,0.0793030313164988,3509,1.51343762386142,1
"107","WY2002 - WY2023",-0.0586271357398962,0.075523271339342,3509,-0.776279081933198,1
"108","WY2002 - WY2024",0.191608486635812,0.0701707641780899,3509,2.73060282127638,1
"109","WY2003 - WY2004",0.00495770524310396,0.0716712914717174,3509,0.0691728185902768,1
"110","WY2003 - WY2005",-0.129728211473257,0.0668596990125834,3509,-1.94030504757195,1
"111","WY2003 - WY2006",0.0533837986199698,0.0673977610450469,3509,0.79207080164413,1
"112","WY2003 - WY2007",-0.0833128123407725,0.062896234558511,3509,-1.32460731434198,1
"113","WY2003 - WY2008",-0.095879294260166,0.0688590480622417,3509,-1.39239935721302,1
"114","WY2003 - WY2009",-0.111120215883059,0.0645695709213785,3509,-1.72093780859039,1
"115","WY2003 - WY2010",-0.186053083363802,0.0634535503384903,3509,-2.93211463143212,1
"116","WY2003 - WY2011",-0.0633736704580954,0.0693049120391023,3509,-0.914418164506717,1
"117","WY2003 - WY2012",0.0407931792585456,0.0654788663335456,3509,0.622997640960176,1
"118","WY2003 - WY2013",-0.0463719691917219,0.0865227100137935,3509,-0.535951418816277,1
"119","WY2003 - WY2014",0.0206176348794201,0.0753999575655699,3509,0.273443587305609,1
"120","WY2003 - WY2015",-0.0649499733236935,0.0739400875408482,3509,-0.878413530249229,1
"121","WY2003 - WY2016",0.0481270130943239,0.0811396650157558,3509,0.593137931799183,1
"122","WY2003 - WY2017",-0.0351829773060544,0.0648323432982628,3509,-0.542676317346641,1
"123","WY2003 - WY2018",-0.133064674048531,0.0645548703074744,3509,-2.06126467940753,1
"124","WY2003 - WY2019",-0.044065160138571,0.0701669984870362,3509,-0.628004063002813,1
"125","WY2003 - WY2020",-0.317705278398009,0.100167085815036,3509,-3.17175323423773,0.45848644671069
"126","WY2003 - WY2021",-0.183330555828831,0.0685403551153999,3509,-2.6747826958317,1
"127","WY2003 - WY2022",0.0199960099351266,0.0748491211264711,3509,0.267150898156035,1
"128","WY2003 - WY2023",-0.15865131708542,0.0708320878642967,3509,-2.23982268303839,1
"129","WY2003 - WY2024",0.0915843052902887,0.0650949790902238,3509,1.40693347736313,1
"130","WY2004 - WY2005",-0.134685916716361,0.0663197211259881,3509,-2.03085770611877,1
"131","WY2004 - WY2006",0.0484260933768659,0.06686212868329,3509,0.724267897695103,1
"132","WY2004 - WY2007",-0.0882705175838765,0.0623219253538818,3509,-1.41636377699583,1
"133","WY2004 - WY2008",-0.10083699950327,0.0683348707338625,3509,-1.47563020783328,1
"134","WY2004 - WY2009",-0.116077921126163,0.0640102768869696,3509,-1.81342632420002,1
"135","WY2004 - WY2010",-0.191010788606906,0.0628843311861938,3509,-3.03749415798577,0.720927542112487
"136","WY2004 - WY2011",-0.0683313757011993,0.0687841325519432,3509,-0.993417713737948,1
"137","WY2004 - WY2012",0.0358354740154416,0.0649274055734704,3509,0.551931402447477,1
"138","WY2004 - WY2013",-0.0513296744348258,0.0861061287383575,3509,-0.59612103327507,1
"139","WY2004 - WY2014",0.0156599296363162,0.0749215567047651,3509,0.209017675620722,1
"140","WY2004 - WY2015",-0.0699076785667975,0.0734521790263835,3509,-0.951744107437401,1
"141","WY2004 - WY2016",0.0431693078512199,0.0806952991012776,3509,0.534966823743224,1
"142","WY2004 - WY2017",-0.0401406825491584,0.0642753358273559,3509,-0.624511440235436,1
"143","WY2004 - WY2018",-0.138022379291635,0.0639954477958427,3509,-2.15675308237473,1
"144","WY2004 - WY2019",-0.0490228653816749,0.0696526649515675,3509,-0.70381894814452,1
"145","WY2004 - WY2020",-0.322662983641112,0.0998074703559427,3509,-3.23285403878489,0.371084199353901
"146","WY2004 - WY2021",-0.188288261071935,0.0680137216855592,3509,-2.76838638447736,1
"147","WY2004 - WY2022",0.0150383046920227,0.0743671768428837,3509,0.202216963591266,1
"148","WY2004 - WY2023",-0.163609022328524,0.0703226189031027,3509,-2.32654905179171,1
"149","WY2004 - WY2024",0.0866266000471848,0.0645402383086107,3509,1.34221072492736,1
"150","WY2005 - WY2006",0.183112010093227,0.0616764913308969,3509,2.96891094389308,0.902639215903397
"151","WY2005 - WY2007",0.0464153991324845,0.0567227265797775,3509,0.818285754779502,1
"152","WY2005 - WY2008",0.0338489172130911,0.0632700552318635,3509,0.534991112131104,1
"153","WY2005 - WY2009",0.0186079955901981,0.0585726973766437,3509,0.31769060370469,1
"154","WY2005 - WY2010",-0.0563248718905452,0.0573400770802088,3509,-0.982295015260557,1
"155","WY2005 - WY2011",0.0663545410151617,0.0637550172280791,3509,1.04077363476796,1
"156","WY2005 - WY2012",0.170521390731803,0.0595735958737702,3509,2.86236525142982,1
"157","WY2005 - WY2013",0.0833562422815352,0.0821444504341953,3509,1.01475196243854,1
"158","WY2005 - WY2014",0.150345846352677,0.0703326737007396,3509,2.13763871671348,1
"159","WY2005 - WY2015",0.0647782381495635,0.0687653105464758,3509,0.942019131954365,1
"160","WY2005 - WY2016",0.177855224567581,0.0764537548317545,3509,2.32631117933936,1
"161","WY2005 - WY2017",0.0945452341672026,0.0588622470395818,3509,1.60621177277901,1
"162","WY2005 - WY2018",-0.00333646257527412,0.058556491266296,3509,-0.0569785262593854,1
"163","WY2005 - WY2019",0.0856630513346861,0.0646911049966276,3509,1.32418593466832,1
"164","WY2005 - WY2020",-0.187977066924751,0.0964104583003408,3509,-1.94975804740145,1
"165","WY2005 - WY2021",-0.053602344355574,0.0629230614985482,3509,-0.851871207137796,1
"166","WY2005 - WY2022",0.149724221408384,0.0697418262050121,3509,2.14683540072863,1
"167","WY2005 - WY2023",-0.0289231056121626,0.0654118954030565,3509,-0.442168896558394,1
"168","WY2005 - WY2024",0.221312516763546,0.0591513963635824,3509,3.74145887280864,0.0557645446091066
"169","WY2006 - WY2007",-0.136696610960742,0.0573559635301873,3509,-2.38330249458361,1
"170","WY2006 - WY2008",-0.149263092880136,0.063838379763862,3509,-2.33814036998213,1
"171","WY2006 - WY2009",-0.164504014503029,0.0591861446607893,3509,-2.77943453566443,1
"172","WY2006 - WY2010",-0.239436881983772,0.0579665703780746,3509,-4.13060287027671,0.0111074977695485
"173","WY2006 - WY2011",-0.116757469078065,0.0643190567684621,3509,-1.81528577911788,1
"174","WY2006 - WY2012",-0.0125906193614242,0.060176840787493,3509,-0.209226991591108,1
"175","WY2006 - WY2013",-0.0997557678116917,0.0825829860138755,3509,-1.20794576009798,1
"176","WY2006 - WY2014",-0.0327661637405497,0.0708443634435846,3509,-0.462509113609897,1
"177","WY2006 - WY2015",-0.118333771943663,0.0692885760885967,3509,-1.70783956928707,1
"178","WY2006 - WY2016",-0.00525678552564594,0.0769247389966714,3509,-0.0683367352845149,1
"179","WY2006 - WY2017",-0.0885667759260242,0.0594727077606254,3509,-1.48920032836744,1
"180","WY2006 - WY2018",-0.186448472668501,0.0591701065678591,3509,-3.15105859163314,0.492149196902225
"181","WY2006 - WY2019",-0.0974489587585408,0.065247052864606,3509,-1.49353809068981,1
"182","WY2006 - WY2020",-0.371089077017978,0.0967843753480579,3509,-3.83418372731611,0.0384579457542071
"183","WY2006 - WY2021",-0.236714354448801,0.0634944919672728,3509,-3.72810848806872,0.0587901086207606
"184","WY2006 - WY2022",-0.0333877886848432,0.0702578192391573,3509,-0.475218118729124,1
"185","WY2006 - WY2023",-0.212035115705389,0.0659617684879082,3509,-3.21451532555951,0.395547991898397
"186","WY2006 - WY2024",0.0382005066703189,0.0597589033834593,3509,0.639243769672194,1
"187","WY2007 - WY2008",-0.0125664819193935,0.0590662074170083,3509,-0.212752476736384,1
"188","WY2007 - WY2009",-0.0278074035422864,0.0540044243332143,3509,-0.514909729816046,1
"189","WY2007 - WY2010",-0.10274027102303,0.0526649922543454,3509,-1.9508266616056,1
"190","WY2007 - WY2011",0.0199391418826771,0.059585394110794,3509,0.334631366968925,1
"191","WY2007 - WY2012",0.124105991599318,0.0550883862072331,3509,2.25285219161172,1
"192","WY2007 - WY2013",0.0369408431490506,0.0789520595470564,3509,0.467889544123082,1
"193","WY2007 - WY2014",0.103930447220193,0.0665762867654895,3509,1.56107305272643,1
"194","WY2007 - WY2015",0.018362839017079,0.0649182940636862,3509,0.282860775717006,1
"195","WY2007 - WY2016",0.131439825435096,0.0730129686936506,3509,1.80022573779454,1
"196","WY2007 - WY2017",0.0481298350347181,0.0543183311243519,3509,0.88606984122052,1
"197","WY2007 - WY2018",-0.0497518617077586,0.0539868469074254,3509,-0.921555240910277,1
"198","WY2007 - WY2019",0.0392476522022016,0.0605859392538457,3509,0.647801332876264,1
"199","WY2007 - WY2020",-0.234392466057236,0.09370535437886,3509,-2.50137751050558,1
"200","WY2007 - WY2021",-0.100017743488059,0.0586943663219568,3509,-1.70404333082719,1
"201","WY2007 - WY2022",0.103308822275899,0.065951795214354,3509,1.56642926762082,1
"202","WY2007 - WY2023",-0.0753385047446471,0.0613549755912785,3509,-1.22791190149795,1
"203","WY2007 - WY2024",0.174897117631061,0.0546315354108559,3509,3.20139487780728,0.413955090287246
"204","WY2008 - WY2009",-0.015240921622893,0.0608449671374777,3509,-0.250487794470437,1
"205","WY2008 - WY2010",-0.0901737891036362,0.059659312664069,3509,-1.51147884675422,1
"206","WY2008 - WY2011",0.0325056238020706,0.0658487005926277,3509,0.493641081897217,1
"207","WY2008 - WY2012",0.136672473518712,0.0618090808321572,3509,2.2112037855707,1
"208","WY2008 - WY2013",0.0495073250684441,0.0837798298227015,3509,0.590921766888447,1
"209","WY2008 - WY2014",0.116496929139586,0.0722359615280337,3509,1.61272760374866,1
"210","WY2008 - WY2015",0.0309293209364725,0.070710798910337,3509,0.43740590423383,1
"211","WY2008 - WY2016",0.14400630735449,0.0782082206411761,3509,1.84131931622891,1
"212","WY2008 - WY2017",0.0606963169541116,0.0611237537667118,3509,0.993007026135345,1
"213","WY2008 - WY2018",-0.0371853797883652,0.0608293664064049,3509,-0.611306380209967,1
"214","WY2008 - WY2019",0.0518141341215951,0.0667554358361142,3509,0.77617850101076,1
"215","WY2008 - WY2020",-0.221825984137843,0.0978075948874453,3509,-2.26798322147799,1
"216","WY2008 - WY2021",-0.0874512615686651,0.0650435301650744,3509,-1.34450361698884,1
"217","WY2008 - WY2022",0.115875304195293,0.0716608084687507,3509,1.61699688674072,1
"218","WY2008 - WY2023",-0.0627720228252536,0.0674541711698043,3509,-0.930587712170324,1
"219","WY2008 - WY2024",0.187463599550455,0.0614022543539444,3509,3.05304099210834,0.684699651993971
"220","WY2009 - WY2010",-0.0749328674807433,0.0546524892066405,3509,-1.37107876637463,1
"221","WY2009 - WY2011",0.0477465454249636,0.0613491023460844,3509,0.778276186595435,1
"222","WY2009 - WY2012",0.151913395141605,0.0569914332356097,3509,2.66554789934086,1
"223","WY2009 - WY2013",0.0647482466913371,0.0802914744792599,3509,0.806414966361868,1
"224","WY2009 - WY2014",0.131737850762479,0.0681593363143479,3509,1.93279245201141,1
"225","WY2009 - WY2015",0.0461702425593654,0.0665408000513289,3509,0.693863652432044,1
"226","WY2009 - WY2016",0.159247228977383,0.0744592960266997,3509,2.1387152105263,1
"227","WY2009 - WY2017",0.0759372385770046,0.0562474378391268,3509,1.35005684693039,1
"228","WY2009 - WY2018",-0.0219444581654722,0.055927388695857,3509,-0.392374088567053,1
"229","WY2009 - WY2019",0.067055055744488,0.0623213382606822,3509,1.07595660837714,1
"230","WY2009 - WY2020",-0.20658506251495,0.0948366311432425,3509,-2.17832561136551,1
"231","WY2009 - WY2021",-0.0722103399457721,0.0604840624071148,3509,-1.1938738416697,1
"232","WY2009 - WY2022",0.131116225818186,0.0675494815622428,3509,1.94103970579507,1
"233","WY2009 - WY2023",-0.0475311012023606,0.0630692175085285,3509,-0.75363391334185,1
"234","WY2009 - WY2024",0.202704521173348,0.0565499586974146,3509,3.58452111800773,0.102687947955975
"235","WY2010 - WY2011",0.122679412905707,0.0601733821573853,3509,2.03876545587607,1
"236","WY2010 - WY2012",0.226846262622348,0.0557238460969571,3509,4.07090103270411,0.014359331178768
"237","WY2010 - WY2013",0.13968111417208,0.0793967533066815,3509,1.75927992461533,1
"238","WY2010 - WY2014",0.206670718243222,0.0671030452990085,3509,3.07990073061969,0.626017930096449
"239","WY2010 - WY2015",0.121103110040109,0.0654583961998714,3509,1.85007756178949,1
"240","WY2010 - WY2016",0.234180096458126,0.0734936073844528,3509,3.18640089651751,0.435956591414968
"241","WY2010 - WY2017",0.150870106057748,0.0549626948489139,3509,2.74495467284623,1
"242","WY2010 - WY2018",0.0529884093152711,0.0546351202792296,3509,0.969859845543627,1
"243","WY2010 - WY2019",0.141987923225231,0.0611643095619559,3509,2.32141790272979,1
"244","WY2010 - WY2020",-0.131652195034206,0.0940803389034491,3509,-1.39935927706761,1
"245","WY2010 - WY2021",0.00272252753497115,0.0592911913091326,3509,0.0459179091338616,1
"246","WY2010 - WY2022",0.206049093298929,0.0664835018701345,3509,3.09925150605656,0.586641541653818
"247","WY2010 - WY2023",0.0274017662783826,0.0619261637656207,3509,0.442490937789935,1
"248","WY2010 - WY2024",0.277637388654091,0.0552722479212462,3509,5.0230884231392,0.000160148987471545
"249","WY2011 - WY2012",0.104166849716641,0.0623054155433197,3509,1.67187472883823,1
"250","WY2011 - WY2013",0.0170017012663735,0.0841466708659969,3509,0.20204841250878,1
"251","WY2011 - WY2014",0.0839913053375155,0.0726611070008513,3509,1.15593209082999,1
"252","WY2011 - WY2015",-0.00157630286559815,0.0711450589658039,3509,-0.0221561818699989,1
"253","WY2011 - WY2016",0.111500683552419,0.0786010693856545,3509,1.41856446005007,1
"254","WY2011 - WY2017",0.028190693152041,0.0616256083721955,3509,0.457450950938769,1
"255","WY2011 - WY2018",-0.0696910035904358,0.0613336298462292,3509,-1.13626086969187,1
"256","WY2011 - WY2019",0.0193085103195244,0.0672152553099306,3509,0.287263809837404,1
"257","WY2011 - WY2020",-0.254331607939913,0.0981220054339301,3509,-2.59199357794583,1
"258","WY2011 - WY2021",-0.119956885370736,0.0655153657476208,3509,-1.83097329919267,1
"259","WY2011 - WY2022",0.083369680393222,0.0720893459750091,3509,1.15647713633195,1
"260","WY2011 - WY2023",-0.0952776466273242,0.0679092596110048,3509,-1.40301406867178,1
"261","WY2011 - WY2024",0.154957975748384,0.0619018511230163,3509,2.50328500581411,1
"262","WY2012 - WY2013",-0.0871651484502675,0.0810245229631686,3509,-1.07578724641045,1
"263","WY2012 - WY2014",-0.0201755443791255,0.0690213559282038,3509,-0.292308722536719,1
"264","WY2012 - WY2015",-0.105743152582239,0.0674235160669209,3509,-1.56834230474252,1
"265","WY2012 - WY2016",0.0073338338357783,0.0752491808071497,3509,0.0974606468417724,1
"266","WY2012 - WY2017",-0.0759761565646,0.0572889754736619,3509,-1.32619157414552,1
"267","WY2012 - WY2018",-0.173857853307077,0.0569747773465846,3509,-3.05148806900075,0.688241849715769
"268","WY2012 - WY2019",-0.0848583393971165,0.063262956380158,3509,-1.34135905516631,1
"269","WY2012 - WY2020",-0.358498457656554,0.0954580486598948,3509,-3.75556029784183,0.0527281461756985
"270","WY2012 - WY2021",-0.224123735087377,0.0614538383880386,3509,-3.64702581590087,0.0807439823652226
"271","WY2012 - WY2022",-0.0207971693234189,0.0684191852237601,3509,-0.303966924706912,1
"272","WY2012 - WY2023",-0.199444496343965,0.0639998331598879,3509,-3.11632837925846,0.553795538197931
"273","WY2012 - WY2024",0.0507911260317432,0.0575860250063738,3509,0.882004375647068,1
"274","WY2013 - WY2014",0.066989604071142,0.0892336538867061,3509,0.750721293517737,1
"275","WY2013 - WY2015",-0.0185780041319717,0.0880035677153547,3509,-0.211105124647466,1
"276","WY2013 - WY2016",0.0944989822860458,0.0941336104903651,3509,1.0038814169963,1
"277","WY2013 - WY2017",0.0111889918856675,0.0805029448071716,3509,0.138988603615289,1
"278","WY2013 - WY2018",-0.0866927048568093,0.0802796528735492,3509,-1.07988390275381,1
"279","WY2013 - WY2019",0.00230680905315093,0.0848581113492543,3509,0.027184308211347,1
"280","WY2013 - WY2020",-0.271333309206287,0.1109546595045,3509,-2.44544312440779,1
"281","WY2013 - WY2021",-0.136958586637109,0.0835180918390012,3509,-1.63986728649316,1
"282","WY2013 - WY2022",0.0663679791268485,0.0887687012324043,3509,0.747650671976052,1
"283","WY2013 - WY2023",-0.112279347893698,0.0854088757466,3509,-1.31460983313748,1
"284","WY2013 - WY2024",0.137956274482011,0.0807146064094931,3509,1.70918599022971,1
"285","WY2014 - WY2015",-0.0855676082031137,0.0770947610631861,3509,-1.10990172384065,1
"286","WY2014 - WY2016",0.0275093782149038,0.0840244659412395,3509,0.327397239681854,1
"287","WY2014 - WY2017",-0.0558006121854745,0.0684083209513671,3509,-0.815699192867843,1
"288","WY2014 - WY2018",-0.153682308927951,0.0681454101041024,3509,-2.25521144700983,1
"289","WY2014 - WY2019",-0.0646827950179911,0.0734838302929372,3509,-0.880231674915944,1
"290","WY2014 - WY2020",-0.338322913277429,0.102517855608271,3509,-3.3001364617905,0.292810354014022
"291","WY2014 - WY2021",-0.203948190708251,0.0719322314208768,3509,-2.83528241345589,1
"292","WY2014 - WY2022",-0.000621624944293478,0.0779670223315384,3509,-0.00797292144427612,1
"293","WY2014 - WY2023",-0.17926895196484,0.0741191629004058,3509,-2.41865861606834,1
"294","WY2014 - WY2024",0.0709666704108686,0.0686572788610073,3509,1.03363651441148,1
"295","WY2015 - WY2016",0.113076986418017,0.0827169500245813,3509,1.36703524953971,1
"296","WY2015 - WY2017",0.0297669960176391,0.0667958181329026,3509,0.445641611251952,1
"297","WY2015 - WY2018",-0.0681147007248376,0.0665265350286249,3509,-1.02387266517833,1
"298","WY2015 - WY2019",0.0208848131851226,0.0719851113715868,3509,0.290126844109684,1
"299","WY2015 - WY2020",-0.252755305074315,0.101448970734931,3509,-2.4914526312418,1
"300","WY2015 - WY2021",-0.118380582505138,0.0704004890739058,3509,-1.68153068341418,1
"301","WY2015 - WY2022",0.0849459832588202,0.0765561200421309,3509,1.10959101913827,1
"302","WY2015 - WY2023",-0.0937013437617261,0.0726335545992034,3509,-1.29005587402098,1
"303","WY2015 - WY2024",0.156534278613982,0.0670507634949571,3509,2.33456370151184,1
"304","WY2016 - WY2017",-0.0833099904003783,0.0746872814699034,3509,-1.11545083394084,1
"305","WY2016 - WY2018",-0.181191687142855,0.0744465483164641,3509,-2.43384940256235,1
"306","WY2016 - WY2019",-0.0921921732328948,0.0793622388324605,3509,-1.16166295947773,1
"307","WY2016 - WY2020",-0.365832291492332,0.106810122912098,3509,-3.42507134640601,0.1865074179271
"308","WY2016 - WY2021",-0.231457568923155,0.0779277713986862,3509,-2.97015511631913,0.899000599261372
"309","WY2016 - WY2022",-0.0281310031591972,0.0835305226203328,3509,-0.336775136521769,1
"310","WY2016 - WY2023",-0.206778330179744,0.0799508720842757,3509,-2.58631738202655,1
"311","WY2016 - WY2024",0.0434572921959649,0.0749153761158378,3509,0.580085083318131,1
"312","WY2017 - WY2018",-0.0978816967424768,0.0562305615738484,3509,-1.74072059753356,1
"313","WY2017 - WY2019",-0.00888218283251653,0.0625935495971849,3509,-0.141902526533117,1
"314","WY2017 - WY2020",-0.282522301091954,0.0950157347767848,3509,-2.97342647252761,0.889497210405312
"315","WY2017 - WY2021",-0.148147578522777,0.0607645048843536,3509,-2.43806114778241,1
"316","WY2017 - WY2022",0.0551789872411811,0.0678007058068031,3509,0.813840897149546,1
"317","WY2017 - WY2023",-0.123468339779365,0.0633382147341631,3509,-1.94934985612674,1
"318","WY2017 - WY2024",0.126767282596343,0.0568498115850191,3509,2.22986284495881,1
"319","WY2018 - WY2019",0.0889995139099602,0.0623061071970179,3509,1.42842359944805,1
"320","WY2018 - WY2020",-0.184640604349477,0.0948266228336924,3509,-1.94713888180223,1
"321","WY2018 - WY2021",-0.0502658817802999,0.0604683685633379,3509,-0.831275640050528,1
"322","WY2018 - WY2022",0.153060683983658,0.0675354295964104,3509,2.26637610656131,1
"323","WY2018 - WY2023",-0.0255866430368885,0.0630541670992647,3509,-0.405788296221691,1
"324","WY2018 - WY2024",0.22464897933882,0.0565331727406416,3509,3.97375502644167,0.0216513131474722
"325","WY2019 - WY2020",-0.273640118259438,0.0987327949280696,3509,-2.77152205058911,1
"326","WY2019 - WY2021",-0.13926539569026,0.066426651225066,3509,-2.09652892509066,1
"327","WY2019 - WY2022",0.0640611700736976,0.07291852060373,3509,0.87853085256396,1
"328","WY2019 - WY2023",-0.114586156946849,0.0687888391008809,3509,-1.66576669187286,1
"329","WY2019 - WY2024",0.13564946542886,0.0628655391799681,3509,2.15777144677833,1
"330","WY2020 - WY2021",0.134374722569177,0.097583489366663,3509,1.3770231362016,1
"331","WY2020 - WY2022",0.337701288333135,0.102113407792678,3509,3.30711995254115,0.285629450403645
"332","WY2020 - WY2023",0.159053961312589,0.0992065612187216,3509,1.60326050372738,1
"333","WY2020 - WY2024",0.409289583688297,0.0951951333860359,3509,4.29948012183084,0.00527568373982738
"334","WY2021 - WY2022",0.203326565763958,0.0713546301910533,3509,2.84952168092732,1
"335","WY2021 - WY2023",0.0246792387434115,0.0671288089236825,3509,0.367640051106356,1
"336","WY2021 - WY2024",0.27491486111912,0.0610446444747899,3509,4.50350499186957,0.00207051071411763
"337","WY2022 - WY2023",-0.178647327020546,0.0735587359976523,3509,-2.42863508457035,1
"338","WY2022 - WY2024",0.0715882953551621,0.0680518866242041,3509,1.05196635841247,1
"339","WY2023 - WY2024",0.250235622375708,0.0636070201386908,3509,3.93408812156404,0.0255388635722011
